{
  "hash": "bce84c86",
  "configHash": "231c9327",
  "lockfileHash": "d8a30ff2",
  "browserHash": "6dc3dd41",
  "optimized": {
    "@angular/common": {
      "src": "../../../../../../node_modules/@angular/common/fesm2022/common.mjs",
      "file": "@angular_common.js",
      "fileHash": "ad6c8470",
      "needsInterop": false
    },
    "@angular/core": {
      "src": "../../../../../../node_modules/@angular/core/fesm2022/core.mjs",
      "file": "@angular_core.js",
      "fileHash": "7cc69803",
      "needsInterop": false
    },
    "@angular/forms": {
      "src": "../../../../../../node_modules/@angular/forms/fesm2022/forms.mjs",
      "file": "@angular_forms.js",
      "fileHash": "9b3a0e97",
      "needsInterop": false
    },
    "@angular/platform-browser": {
      "src": "../../../../../../node_modules/@angular/platform-browser/fesm2022/platform-browser.mjs",
      "file": "@angular_platform-browser.js",
      "fileHash": "c51403c0",
      "needsInterop": false
    },
    "@angular/router": {
      "src": "../../../../../../node_modules/@angular/router/fesm2022/router.mjs",
      "file": "@angular_router.js",
      "fileHash": "b29abef5",
      "needsInterop": false
    },
    "rxjs": {
      "src": "../../../../../../node_modules/rxjs/dist/esm5/index.js",
      "file": "rxjs.js",
      "fileHash": "389aad29",
      "needsInterop": false
    }
  },
  "chunks": {
    "chunk-3JOEKTMV": {
      "file": "chunk-3JOEKTMV.js"
    },
    "chunk-XTORLKXG": {
      "file": "chunk-XTORLKXG.js"
    },
    "chunk-FDMMPDN5": {
      "file": "chunk-FDMMPDN5.js"
    },
    "chunk-4YHZFWP3": {
      "file": "chunk-4YHZFWP3.js"
    }
  }
}